id,name,model_id:id,group_id:id,perm_read,perm_write,perm_create,perm_unlink
access_subscription_plan_user,subscription.plan.user,model_subscription_plan,group_subscription_user,1,0,0,0
access_subscription_plan_manager,subscription.plan.manager,model_subscription_plan,group_subscription_manager,1,1,1,1
access_subscription_subscription_user,subscription.subscription.user,model_subscription_subscription,group_subscription_user,1,1,1,0
access_subscription_subscription_manager,subscription.subscription.manager,model_subscription_subscription,group_subscription_manager,1,1,1,1
access_subscription_domain_user,subscription.domain.user,model_subscription_domain,group_subscription_user,1,1,1,0
access_subscription_domain_manager,subscription.domain.manager,model_subscription_domain,group_subscription_manager,1,1,1,1
access_subscription_tag_user,subscription.tag.user,model_subscription_tag,group_subscription_user,1,0,0,0
access_subscription_tag_manager,subscription.tag.manager,model_subscription_tag,group_subscription_manager,1,1,1,1
access_subscription_renew_wizard,subscription.renew.wizard,model_subscription_renew_wizard,group_subscription_user,1,1,1,1
